Index,Price
31-12-09,10428.04981
04-01-10,10583.95996
05-01-10,10572.01953
06-01-10,10573.67969
07-01-10,10606.86035
08-01-10,10618.19043
11-01-10,10663.99023
12-01-10,10627.25977
13-01-10,10680.76953
14-01-10,10710.54981
15-01-10,10609.65039
19-01-10,10725.42969
20-01-10,10603.15039
21-01-10,10389.87988
22-01-10,10172.98047
25-01-10,10196.86035
26-01-10,10194.29004
27-01-10,10236.16016
28-01-10,10120.45996
29-01-10,10067.33008
01-02-10,10185.53027
02-02-10,10296.84961
03-02-10,10270.54981
04-02-10,10002.17969
05-02-10,10012.23047
08-02-10,9908.389648
09-02-10,10058.63965
10-02-10,10038.37988
11-02-10,10144.19043
12-02-10,10099.13965
16-02-10,10268.80957
17-02-10,10309.24023
18-02-10,10392.90039
19-02-10,10402.34961
22-02-10,10383.37988
23-02-10,10282.41016
24-02-10,10374.16016
25-02-10,10321.03027
26-02-10,10325.25977
01-03-10,10403.79004
02-03-10,10405.98047
03-03-10,10396.75977
04-03-10,10444.13965
05-03-10,10566.2002
08-03-10,10552.51953
09-03-10,10564.37988
10-03-10,10567.33008
11-03-10,10611.83984
12-03-10,10624.69043
15-03-10,10642.15039
16-03-10,10685.98047
17-03-10,10733.66992
18-03-10,10779.16992
19-03-10,10741.98047
22-03-10,10785.88965
23-03-10,10888.83008
24-03-10,10836.15039
25-03-10,10841.20996
26-03-10,10850.36035
29-03-10,10895.86035
30-03-10,10907.41992
31-03-10,10856.62988
01-04-10,10927.07031
05-04-10,10973.54981
06-04-10,10969.99023
07-04-10,10897.51953
08-04-10,10927.07031
09-04-10,10997.34961
12-04-10,11005.96973
13-04-10,11019.41992
14-04-10,11123.11035
15-04-10,11144.57031
16-04-10,11018.66016
19-04-10,11092.04981
20-04-10,11117.05957
21-04-10,11124.91992
22-04-10,11134.29004
23-04-10,11204.28027
26-04-10,11205.03027
27-04-10,10991.99023
28-04-10,11045.26953
29-04-10,11167.32031
30-04-10,11008.61035
03-05-10,11151.83008
04-05-10,10926.76953
05-05-10,10866.83008
06-05-10,10520.32031
07-05-10,10380.42969
10-05-10,10785.13965
11-05-10,10748.25977
12-05-10,10896.91016
13-05-10,10782.9502
14-05-10,10620.16016
17-05-10,10625.83008
18-05-10,10510.9502
19-05-10,10444.37012
20-05-10,10068.00977
21-05-10,10193.38965
24-05-10,10066.57031
25-05-10,10043.75
26-05-10,9974.450195
27-05-10,10258.99023
28-05-10,10136.62988
01-06-10,10024.01953
02-06-10,10249.54004
03-06-10,10255.28027
04-06-10,9931.969727
07-06-10,9816.490234
08-06-10,9939.980469
09-06-10,9899.25
10-06-10,10172.53027
11-06-10,10211.07031
14-06-10,10190.88965
15-06-10,10404.76953
16-06-10,10409.45996
17-06-10,10434.16992
18-06-10,10450.63965
21-06-10,10442.41016
22-06-10,10293.51953
23-06-10,10298.44043
24-06-10,10152.79981
25-06-10,10143.80957
28-06-10,10138.51953
29-06-10,9870.299805
30-06-10,9774.019531
01-07-10,9732.530273
02-07-10,9686.480469
06-07-10,9743.620117
07-07-10,10018.28027
08-07-10,10138.99023
09-07-10,10198.03027
12-07-10,10216.26953
13-07-10,10363.01953
14-07-10,10366.71973
15-07-10,10359.30957
16-07-10,10097.90039
19-07-10,10154.42969
20-07-10,10229.95996
21-07-10,10120.53027
22-07-10,10322.29981
23-07-10,10424.62012
26-07-10,10525.42969
27-07-10,10537.69043
28-07-10,10497.87988
29-07-10,10467.16016
30-07-10,10465.94043
02-08-10,10674.37988
03-08-10,10636.37988
04-08-10,10680.42969
05-08-10,10674.98047
06-08-10,10653.55957
09-08-10,10698.75
10-08-10,10644.25
11-08-10,10378.83008
12-08-10,10319.9502
13-08-10,10303.15039
16-08-10,10302.00977
17-08-10,10405.84961
18-08-10,10415.54004
19-08-10,10271.20996
20-08-10,10213.62012
23-08-10,10174.41016
24-08-10,10040.4502
25-08-10,10060.05957
26-08-10,9985.80957
27-08-10,10150.65039
30-08-10,10009.73047
31-08-10,10014.71973
01-09-10,10269.46973
02-09-10,10320.09961
03-09-10,10447.92969
07-09-10,10340.69043
08-09-10,10387.00977
09-09-10,10415.24023
10-09-10,10462.76953
13-09-10,10544.12988
14-09-10,10526.49023
15-09-10,10572.73047
16-09-10,10594.83008
17-09-10,10607.84961
20-09-10,10753.62012
21-09-10,10761.03027
22-09-10,10739.30957
23-09-10,10662.41992
24-09-10,10860.25977
27-09-10,10812.04004
28-09-10,10858.13965
29-09-10,10835.28027
30-09-10,10788.04981
01-10-10,10829.67969
04-10-10,10751.26953
05-10-10,10944.71973
06-10-10,10967.65039
07-10-10,10948.58008
08-10-10,11006.48047
11-10-10,11010.33984
12-10-10,11020.40039
13-10-10,11096.08008
14-10-10,11094.57031
15-10-10,11062.78027
18-10-10,11143.69043
19-10-10,10978.62012
20-10-10,11107.96973
21-10-10,11146.57031
22-10-10,11132.55957
25-10-10,11164.04981
26-10-10,11169.45996
27-10-10,11126.28027
28-10-10,11113.9502
29-10-10,11118.49023
01-11-10,11124.62012
02-11-10,11188.71973
03-11-10,11215.12988
04-11-10,11434.83984
05-11-10,11444.08008
08-11-10,11406.83984
09-11-10,11346.75
10-11-10,11357.04004
11-11-10,11283.09961
12-11-10,11192.58008
15-11-10,11201.96973
16-11-10,11023.5
17-11-10,11007.87988
18-11-10,11181.23047
19-11-10,11203.54981
22-11-10,11178.58008
23-11-10,11036.37012
24-11-10,11187.28027
26-11-10,11091.87012
29-11-10,11052.49023
30-11-10,11006.01953
01-12-10,11255.78027
02-12-10,11362.41016
03-12-10,11382.08984
06-12-10,11362.19043
07-12-10,11359.16016
08-12-10,11372.48047
09-12-10,11370.05957
10-12-10,11410.32031
13-12-10,11428.55957
14-12-10,11476.54004
15-12-10,11457.46973
16-12-10,11499.25
17-12-10,11491.91016
20-12-10,11478.12988
21-12-10,11533.16016
22-12-10,11559.49023
23-12-10,11573.49023
27-12-10,11555.03027
28-12-10,11575.54004
29-12-10,11585.37988
30-12-10,11569.70996
31-12-10,11577.50977
03-01-11,11670.75
04-01-11,11691.17969
05-01-11,11722.88965
06-01-11,11697.30957
07-01-11,11674.75977
10-01-11,11637.4502
11-01-11,11671.87988
12-01-11,11755.44043
13-01-11,11731.90039
14-01-11,11787.37988
18-01-11,11837.92969
19-01-11,11825.29004
20-01-11,11822.79981
21-01-11,11871.83984
24-01-11,11980.51953
25-01-11,11977.19043
26-01-11,11985.44043
27-01-11,11989.83008
28-01-11,11823.7002
31-01-11,11891.92969
01-02-11,12040.16016
02-02-11,12041.96973
03-02-11,12062.25977
04-02-11,12092.15039
07-02-11,12161.62988
08-02-11,12233.15039
09-02-11,12239.88965
10-02-11,12229.29004
11-02-11,12273.25977
14-02-11,12268.19043
15-02-11,12226.63965
16-02-11,12288.16992
17-02-11,12318.13965
18-02-11,12391.25
22-02-11,12212.79004
23-02-11,12105.78027
24-02-11,12068.5
25-02-11,12130.4502
28-02-11,12226.33984
01-03-11,12058.01953
02-03-11,12066.79981
03-03-11,12258.2002
04-03-11,12169.87988
07-03-11,12090.03027
08-03-11,12214.37988
09-03-11,12213.08984
10-03-11,11984.61035
11-03-11,12044.40039
14-03-11,11993.16016
15-03-11,11855.41992
16-03-11,11613.29981
17-03-11,11774.58984
18-03-11,11858.51953
21-03-11,12036.53027
22-03-11,12018.62988
23-03-11,12086.01953
24-03-11,12170.55957
25-03-11,12220.58984
28-03-11,12197.87988
29-03-11,12279.00977
30-03-11,12350.61035
31-03-11,12319.73047
01-04-11,12376.71973
04-04-11,12400.03027
05-04-11,12393.90039
06-04-11,12426.75
07-04-11,12409.49023
08-04-11,12380.04981
11-04-11,12381.11035
12-04-11,12263.58008
13-04-11,12270.99023
14-04-11,12285.15039
15-04-11,12341.83008
18-04-11,12201.58984
19-04-11,12266.75
20-04-11,12453.54004
21-04-11,12505.99023
25-04-11,12479.87988
26-04-11,12595.37012
27-04-11,12690.95996
28-04-11,12763.30957
29-04-11,12810.54004
02-05-11,12807.36035
03-05-11,12807.50977
04-05-11,12723.58008
05-05-11,12584.16992
06-05-11,12638.74023
09-05-11,12684.67969
10-05-11,12760.36035
11-05-11,12630.03027
12-05-11,12695.91992
13-05-11,12595.75
16-05-11,12548.37012
17-05-11,12479.58008
18-05-11,12560.17969
19-05-11,12605.32031
20-05-11,12512.04004
23-05-11,12381.25977
24-05-11,12356.20996
25-05-11,12394.66016
26-05-11,12402.75977
27-05-11,12441.58008
31-05-11,12569.79004
01-06-11,12290.13965
02-06-11,12248.54981
03-06-11,12151.25977
06-06-11,12089.95996
07-06-11,12070.80957
08-06-11,12048.94043
09-06-11,12124.36035
10-06-11,11951.91016
13-06-11,11952.96973
14-06-11,12076.11035
15-06-11,11897.26953
16-06-11,11961.51953
17-06-11,12004.36035
20-06-11,12080.37988
21-06-11,12190.00977
22-06-11,12109.66992
23-06-11,12050
24-06-11,11934.58008
27-06-11,12043.55957
28-06-11,12188.69043
29-06-11,12261.41992
30-06-11,12414.33984
01-07-11,12582.76953
05-07-11,12569.87012
06-07-11,12626.01953
07-07-11,12719.49023
08-07-11,12657.2002
11-07-11,12505.75977
12-07-11,12446.87988
13-07-11,12491.61035
14-07-11,12437.12012
15-07-11,12479.73047
18-07-11,12385.16016
19-07-11,12587.41992
20-07-11,12571.91016
21-07-11,12724.41016
22-07-11,12681.16016
25-07-11,12592.79981
26-07-11,12501.29981
27-07-11,12302.54981
28-07-11,12240.11035
29-07-11,12143.24023
01-08-11,12132.49023
02-08-11,11866.62012
03-08-11,11896.44043
04-08-11,11383.67969
05-08-11,11444.61035
08-08-11,10809.84961
09-08-11,11239.76953
10-08-11,10719.94043
11-08-11,11143.30957
12-08-11,11269.01953
15-08-11,11482.90039
16-08-11,11405.92969
17-08-11,11410.20996
18-08-11,10990.58008
19-08-11,10817.65039
22-08-11,10854.65039
23-08-11,11176.75977
24-08-11,11320.70996
25-08-11,11149.82031
26-08-11,11284.54004
29-08-11,11539.25
30-08-11,11559.9502
31-08-11,11613.53027
01-09-11,11493.57031
02-09-11,11240.25977
06-09-11,11139.29981
07-09-11,11414.86035
08-09-11,11295.80957
09-09-11,10992.12988
12-09-11,11061.12012
13-09-11,11105.84961
14-09-11,11246.73047
15-09-11,11433.17969
16-09-11,11509.08984
19-09-11,11401.00977
20-09-11,11408.66016
21-09-11,11124.83984
22-09-11,10733.83008
23-09-11,10771.48047
26-09-11,11043.86035
27-09-11,11190.69043
28-09-11,11010.90039
29-09-11,11153.98047
30-09-11,10913.37988
03-10-11,10655.29981
04-10-11,10808.70996
05-10-11,10939.9502
06-10-11,11123.33008
07-10-11,11103.12012
10-10-11,11433.17969
11-10-11,11416.29981
12-10-11,11518.84961
13-10-11,11478.12988
14-10-11,11644.49023
17-10-11,11397
18-10-11,11577.04981
19-10-11,11504.62012
20-10-11,11541.78027
21-10-11,11808.79004
24-10-11,11913.62012
25-10-11,11706.62012
26-10-11,11869.04004
27-10-11,12208.54981
28-10-11,12231.11035
31-10-11,11955.00977
01-11-11,11657.95996
02-11-11,11836.04004
03-11-11,12044.46973
04-11-11,11983.24023
07-11-11,12068.38965
08-11-11,12170.17969
09-11-11,11780.94043
10-11-11,11893.86035
11-11-11,12153.67969
14-11-11,12078.98047
15-11-11,12096.16016
16-11-11,11905.58984
17-11-11,11770.73047
18-11-11,11796.16016
21-11-11,11547.30957
22-11-11,11493.71973
23-11-11,11257.54981
25-11-11,11231.65039
28-11-11,11523.00977
29-11-11,11555.62988
30-11-11,12045.67969
01-12-11,12020.03027
02-12-11,12019.41992
05-12-11,12097.83008
06-12-11,12150.12988
07-12-11,12196.37012
08-12-11,11997.7002
09-12-11,12184.25977
12-12-11,12021.38965
13-12-11,11954.94043
14-12-11,11823.48047
15-12-11,11868.80957
16-12-11,11866.38965
19-12-11,11766.25977
20-12-11,12103.58008
21-12-11,12107.74023
22-12-11,12169.65039
23-12-11,12294
27-12-11,12291.34961
28-12-11,12151.41016
29-12-11,12287.04004
30-12-11,12217.55957
03-01-12,12397.37988
04-01-12,12418.41992
05-01-12,12415.7002
06-01-12,12359.91992
09-01-12,12392.69043
10-01-12,12462.46973
11-01-12,12449.4502
12-01-12,12471.01953
13-01-12,12422.05957
17-01-12,12482.07031
18-01-12,12578.9502
19-01-12,12623.98047
20-01-12,12720.48047
23-01-12,12708.82031
24-01-12,12675.75
25-01-12,12758.84961
26-01-12,12734.62988
27-01-12,12660.45996
30-01-12,12653.71973
31-01-12,12632.91016
01-02-12,12716.45996
02-02-12,12705.41016
03-02-12,12862.23047
06-02-12,12845.12988
07-02-12,12878.2002
08-02-12,12883.9502
09-02-12,12890.45996
10-02-12,12801.23047
13-02-12,12874.04004
14-02-12,12878.28027
15-02-12,12780.9502
16-02-12,12904.08008
17-02-12,12949.87012
21-02-12,12965.69043
22-02-12,12938.66992
23-02-12,12984.69043
24-02-12,12982.9502
27-02-12,12981.50977
28-02-12,13005.12012
29-02-12,12952.07031
01-03-12,12980.29981
02-03-12,12977.57031
05-03-12,12962.80957
06-03-12,12759.15039
07-03-12,12837.33008
08-03-12,12907.94043
09-03-12,12922.01953
12-03-12,12959.70996
13-03-12,13177.67969
14-03-12,13194.09961
15-03-12,13252.75977
16-03-12,13232.62012
19-03-12,13239.12988
20-03-12,13170.19043
21-03-12,13124.62012
22-03-12,13046.13965
23-03-12,13080.73047
26-03-12,13241.62988
27-03-12,13197.73047
28-03-12,13126.20996
29-03-12,13145.82031
30-03-12,13212.04004
02-04-12,13264.49023
03-04-12,13199.54981
04-04-12,13074.75
05-04-12,13060.13965
09-04-12,12929.58984
10-04-12,12715.92969
11-04-12,12805.38965
12-04-12,12986.58008
13-04-12,12849.58984
16-04-12,12921.41016
17-04-12,13115.54004
18-04-12,13032.75
19-04-12,12964.09961
20-04-12,13029.25977
23-04-12,12927.16992
24-04-12,13001.55957
25-04-12,13090.71973
26-04-12,13204.62012
27-04-12,13228.30957
30-04-12,13213.62988
01-05-12,13279.32031
02-05-12,13268.57031
03-05-12,13206.58984
04-05-12,13038.26953
07-05-12,13008.53027
08-05-12,12932.08984
09-05-12,12835.05957
10-05-12,12855.04004
11-05-12,12820.59961
14-05-12,12695.34961
15-05-12,12632
16-05-12,12598.54981
17-05-12,12442.49023
18-05-12,12369.37988
21-05-12,12504.48047
22-05-12,12502.80957
23-05-12,12496.15039
24-05-12,12529.75
25-05-12,12454.83008
29-05-12,12580.69043
30-05-12,12419.86035
31-05-12,12393.4502
01-06-12,12118.57031
04-06-12,12101.45996
05-06-12,12127.9502
06-06-12,12414.79004
07-06-12,12460.95996
08-06-12,12554.2002
11-06-12,12411.23047
12-06-12,12573.79981
13-06-12,12496.37988
14-06-12,12651.91016
15-06-12,12767.16992
18-06-12,12741.82031
19-06-12,12837.33008
20-06-12,12824.38965
21-06-12,12573.57031
22-06-12,12640.78027
25-06-12,12502.66016
26-06-12,12534.66992
27-06-12,12627.00977
28-06-12,12602.25977
29-06-12,12880.08984
02-07-12,12871.38965
03-07-12,12943.66016
05-07-12,12896.66992
06-07-12,12772.46973
09-07-12,12736.29004
10-07-12,12653.12012
11-07-12,12604.53027
12-07-12,12573.26953
13-07-12,12777.08984
16-07-12,12727.20996
17-07-12,12805.54004
18-07-12,12908.7002
19-07-12,12943.36035
20-07-12,12822.57031
23-07-12,12721.45996
24-07-12,12617.32031
25-07-12,12676.04981
26-07-12,12887.92969
27-07-12,13075.66016
30-07-12,13073.00977
31-07-12,13008.67969
01-08-12,12976.12988
02-08-12,12878.87988
03-08-12,13096.16992
06-08-12,13117.50977
07-08-12,13168.59961
08-08-12,13175.63965
09-08-12,13165.19043
10-08-12,13207.9502
13-08-12,13169.42969
14-08-12,13172.13965
15-08-12,13164.78027
16-08-12,13250.11035
17-08-12,13275.2002
20-08-12,13271.63965
21-08-12,13203.58008
22-08-12,13172.75977
23-08-12,13057.45996
24-08-12,13157.96973
27-08-12,13124.66992
28-08-12,13102.99023
29-08-12,13107.48047
30-08-12,13000.70996
31-08-12,13090.83984
04-09-12,13035.94043
05-09-12,13047.48047
06-09-12,13292
07-09-12,13306.63965
10-09-12,13254.29004
11-09-12,13323.36035
12-09-12,13333.34961
13-09-12,13539.86035
14-09-12,13593.37012
17-09-12,13553.09961
18-09-12,13564.63965
19-09-12,13577.95996
20-09-12,13596.92969
21-09-12,13579.46973
24-09-12,13558.91992
25-09-12,13457.54981
26-09-12,13413.50977
27-09-12,13485.96973
28-09-12,13437.12988
01-10-12,13515.11035
02-10-12,13482.36035
03-10-12,13494.61035
04-10-12,13575.36035
05-10-12,13610.15039
08-10-12,13583.65039
09-10-12,13473.53027
10-10-12,13344.96973
11-10-12,13326.38965
12-10-12,13328.84961
15-10-12,13424.23047
16-10-12,13551.78027
17-10-12,13557
18-10-12,13548.94043
19-10-12,13343.50977
22-10-12,13345.88965
23-10-12,13102.53027
24-10-12,13077.33984
25-10-12,13103.67969
26-10-12,13107.20996
31-10-12,13096.45996
01-11-12,13232.62012
02-11-12,13093.16016
05-11-12,13112.44043
06-11-12,13245.67969
07-11-12,12932.73047
08-11-12,12811.32031
09-11-12,12815.38965
12-11-12,12815.08008
13-11-12,12756.17969
14-11-12,12570.9502
15-11-12,12542.37988
16-11-12,12588.30957
19-11-12,12795.95996
20-11-12,12788.50977
21-11-12,12836.88965
23-11-12,13009.53027
26-11-12,12967.37012
27-11-12,12878.12988
28-11-12,12985.11035
29-11-12,13021.82031
30-11-12,13025.58008
03-12-12,12965.59961
04-12-12,12951.78027
05-12-12,13034.49023
06-12-12,13074.04004
07-12-12,13155.12988
10-12-12,13169.87988
11-12-12,13248.44043
12-12-12,13245.4502
13-12-12,13170.71973
14-12-12,13135.00977
17-12-12,13235.38965
18-12-12,13350.95996
19-12-12,13251.96973
20-12-12,13311.71973
21-12-12,13190.83984
24-12-12,13138.92969
26-12-12,13114.58984
27-12-12,13096.30957
28-12-12,12938.11035
31-12-12,13104.13965
02-01-13,13412.54981
03-01-13,13391.36035
04-01-13,13435.20996
07-01-13,13384.29004
08-01-13,13328.84961
09-01-13,13390.50977
10-01-13,13471.21973
11-01-13,13488.42969
14-01-13,13507.32031
15-01-13,13534.88965
16-01-13,13511.23047
17-01-13,13596.01953
18-01-13,13649.7002
22-01-13,13712.20996
23-01-13,13779.33008
24-01-13,13825.33008
25-01-13,13895.98047
28-01-13,13881.92969
29-01-13,13954.41992
30-01-13,13910.41992
31-01-13,13860.58008
01-02-13,14009.79004
04-02-13,13880.08008
05-02-13,13979.29981
06-02-13,13986.51953
07-02-13,13944.04981
08-02-13,13992.96973
11-02-13,13971.24023
12-02-13,14018.7002
13-02-13,13982.91016
14-02-13,13973.38965
15-02-13,13981.75977
19-02-13,14035.66992
20-02-13,13927.54004
21-02-13,13880.62012
22-02-13,14000.57031
25-02-13,13784.16992
26-02-13,13900.12988
27-02-13,14075.37012
28-02-13,14054.49023
01-03-13,14089.66016
04-03-13,14127.82031
05-03-13,14253.76953
06-03-13,14296.24023
07-03-13,14329.49023
08-03-13,14397.07031
11-03-13,14447.29004
12-03-13,14450.05957
13-03-13,14455.28027
14-03-13,14539.13965
15-03-13,14514.11035
18-03-13,14452.05957
19-03-13,14455.82031
20-03-13,14511.73047
21-03-13,14421.49023
22-03-13,14512.03027
25-03-13,14447.75
26-03-13,14559.65039
27-03-13,14526.16016
28-03-13,14578.54004
01-04-13,14572.84961
02-04-13,14662.00977
03-04-13,14550.34961
04-04-13,14606.11035
05-04-13,14565.25
08-04-13,14613.48047
09-04-13,14673.45996
10-04-13,14802.24023
11-04-13,14865.13965
12-04-13,14865.05957
15-04-13,14599.2002
16-04-13,14756.78027
17-04-13,14618.58984
18-04-13,14537.13965
19-04-13,14547.50977
22-04-13,14567.16992
23-04-13,14719.45996
24-04-13,14676.29981
25-04-13,14700.79981
26-04-13,14712.54981
29-04-13,14818.75
30-04-13,14839.79981
01-05-13,14700.9502
02-05-13,14831.58008
03-05-13,14973.95996
06-05-13,14968.88965
07-05-13,15056.2002
08-05-13,15105.12012
09-05-13,15082.62012
10-05-13,15118.49023
13-05-13,15091.67969
14-05-13,15215.25
15-05-13,15275.69043
16-05-13,15233.21973
17-05-13,15354.40039
20-05-13,15335.28027
21-05-13,15387.58008
22-05-13,15307.16992
23-05-13,15294.5
24-05-13,15303.09961
28-05-13,15409.38965
29-05-13,15302.79981
30-05-13,15324.53027
31-05-13,15115.57031
03-06-13,15254.03027
04-06-13,15177.54004
05-06-13,14960.58984
06-06-13,15040.62012
07-06-13,15248.12012
10-06-13,15238.58984
11-06-13,15122.01953
12-06-13,14995.23047
13-06-13,15176.08008
14-06-13,15070.17969
17-06-13,15179.84961
18-06-13,15318.23047
19-06-13,15112.19043
20-06-13,14758.32031
21-06-13,14799.40039
24-06-13,14659.55957
25-06-13,14760.30957
26-06-13,14910.13965
27-06-13,15024.49023
28-06-13,14909.59961
01-07-13,14974.95996
02-07-13,14932.41016
03-07-13,14988.37012
05-07-13,15135.83984
08-07-13,15224.69043
09-07-13,15300.33984
10-07-13,15291.66016
11-07-13,15460.91992
12-07-13,15464.29981
15-07-13,15484.25977
16-07-13,15451.84961
17-07-13,15470.51953
18-07-13,15548.54004
19-07-13,15543.74023
22-07-13,15545.54981
23-07-13,15567.74023
24-07-13,15542.24023
25-07-13,15555.61035
26-07-13,15558.83008
29-07-13,15521.96973
30-07-13,15520.58984
31-07-13,15499.54004
01-08-13,15628.01953
02-08-13,15658.36035
05-08-13,15612.12988
06-08-13,15518.74023
07-08-13,15470.66992
08-08-13,15498.32031
09-08-13,15425.50977
12-08-13,15419.67969
13-08-13,15451.00977
14-08-13,15337.66016
15-08-13,15112.19043
16-08-13,15081.46973
19-08-13,15010.74023
20-08-13,15002.99023
21-08-13,14897.54981
22-08-13,14963.74023
23-08-13,15010.50977
26-08-13,14946.45996
27-08-13,14776.12988
28-08-13,14824.50977
29-08-13,14840.9502
30-08-13,14810.30957
03-09-13,14833.95996
04-09-13,14930.87012
05-09-13,14937.48047
06-09-13,14922.5
09-09-13,15063.12012
10-09-13,15191.05957
11-09-13,15326.59961
12-09-13,15300.63965
13-09-13,15376.05957
16-09-13,15494.78027
17-09-13,15529.73047
18-09-13,15676.94043
19-09-13,15636.54981
20-09-13,15451.08984
23-09-13,15401.37988
24-09-13,15334.58984
25-09-13,15273.25977
26-09-13,15328.29981
27-09-13,15258.24023
30-09-13,15129.66992
01-10-13,15191.7002
02-10-13,15133.13965
03-10-13,14996.48047
04-10-13,15072.58008
07-10-13,14936.24023
08-10-13,14776.53027
09-10-13,14802.98047
10-10-13,15126.07031
11-10-13,15237.11035
14-10-13,15301.25977
15-10-13,15168.00977
16-10-13,15373.83008
17-10-13,15371.65039
18-10-13,15399.65039
21-10-13,15392.2002
22-10-13,15467.66016
23-10-13,15413.33008
24-10-13,15509.20996
25-10-13,15570.28027
28-10-13,15568.92969
29-10-13,15680.34961
30-10-13,15618.75977
31-10-13,15545.75
01-11-13,15615.54981
04-11-13,15639.12012
05-11-13,15618.21973
06-11-13,15746.87988
07-11-13,15593.98047
08-11-13,15761.78027
11-11-13,15783.09961
12-11-13,15750.66992
13-11-13,15821.62988
14-11-13,15876.21973
15-11-13,15961.7002
18-11-13,15976.01953
19-11-13,15967.03027
20-11-13,15900.82031
21-11-13,16009.99023
22-11-13,16064.76953
25-11-13,16072.54004
26-11-13,16072.79981
27-11-13,16097.33008
29-11-13,16086.41016
02-12-13,16008.76953
03-12-13,15914.62012
04-12-13,15889.76953
05-12-13,15821.50977
06-12-13,16020.2002
09-12-13,16025.53027
10-12-13,15973.12988
11-12-13,15843.53027
12-12-13,15739.42969
13-12-13,15755.36035
16-12-13,15884.57031
17-12-13,15875.25977
18-12-13,16167.96973
19-12-13,16179.08008
20-12-13,16221.13965
23-12-13,16294.61035
24-12-13,16357.54981
26-12-13,16479.88086
27-12-13,16478.41016
30-12-13,16504.28906
31-12-13,16576.66016
02-01-14,16441.34961
03-01-14,16469.99023
06-01-14,16425.09961
07-01-14,16530.93945
08-01-14,16462.74023
09-01-14,16444.75977
10-01-14,16437.05078
13-01-14,16257.94043
14-01-14,16373.86035
15-01-14,16481.93945
16-01-14,16417.00977
17-01-14,16458.56055
21-01-14,16414.43945
22-01-14,16373.33984
23-01-14,16197.34961
24-01-14,15879.11035
27-01-14,15837.87988
28-01-14,15928.55957
29-01-14,15738.79004
30-01-14,15848.61035
31-01-14,15698.84961
03-02-14,15372.79981
04-02-14,15445.24023
05-02-14,15440.23047
06-02-14,15628.53027
07-02-14,15794.08008
10-02-14,15801.79004
11-02-14,15994.76953
12-02-14,15963.94043
13-02-14,16027.58984
14-02-14,16154.38965
18-02-14,16130.40039
19-02-14,16040.55957
20-02-14,16133.23047
21-02-14,16103.29981
24-02-14,16207.13965
25-02-14,16179.66016
26-02-14,16198.41016
27-02-14,16272.65039
28-02-14,16321.70996
03-03-14,16168.03027
04-03-14,16395.88086
05-03-14,16360.17969
06-03-14,16421.89063
07-03-14,16452.7207
10-03-14,16418.67969
11-03-14,16351.25
12-03-14,16340.08008
13-03-14,16108.88965
14-03-14,16065.66992
17-03-14,16247.21973
18-03-14,16336.19043
19-03-14,16222.16992
20-03-14,16331.04981
21-03-14,16302.76953
24-03-14,16276.69043
25-03-14,16367.87988
26-03-14,16268.99023
27-03-14,16264.23047
28-03-14,16323.05957
31-03-14,16457.66016
01-04-14,16532.60938
02-04-14,16573
03-04-14,16572.55078
04-04-14,16412.71094
07-04-14,16245.87012
08-04-14,16256.13965
09-04-14,16437.17969
10-04-14,16170.21973
11-04-14,16026.75
14-04-14,16173.24023
15-04-14,16262.55957
16-04-14,16424.84961
17-04-14,16408.53906
21-04-14,16449.25
22-04-14,16514.36914
23-04-14,16501.65039
24-04-14,16501.65039
25-04-14,16361.45996
28-04-14,16448.74023
29-04-14,16535.36914
30-04-14,16580.83984
01-05-14,16558.86914
02-05-14,16512.89063
05-05-14,16530.55078
06-05-14,16401.01953
07-05-14,16518.53906
08-05-14,16550.9707
09-05-14,16583.33984
12-05-14,16695.4707
13-05-14,16715.43945
14-05-14,16613.9707
15-05-14,16446.81055
16-05-14,16491.31055
19-05-14,16511.85938
20-05-14,16374.30957
21-05-14,16533.06055
22-05-14,16543.08008
23-05-14,16606.26953
27-05-14,16675.5
28-05-14,16633.17969
29-05-14,16698.74023
30-05-14,16717.16992
02-06-14,16743.63086
03-06-14,16722.33984
04-06-14,16737.5293
05-06-14,16836.10938
06-06-14,16924.2793
09-06-14,16943.09961
10-06-14,16945.91992
11-06-14,16843.88086
12-06-14,16734.18945
13-06-14,16775.74023
16-06-14,16781.00977
17-06-14,16808.49023
18-06-14,16906.61914
19-06-14,16921.46094
20-06-14,16947.08008
23-06-14,16937.25977
24-06-14,16818.13086
25-06-14,16867.50977
26-06-14,16846.13086
27-06-14,16851.83984
30-06-14,16826.59961
01-07-14,16956.07031
02-07-14,16976.24023
03-07-14,17068.25977
07-07-14,17024.21094
08-07-14,16906.61914
09-07-14,16985.60938
10-07-14,16915.07031
11-07-14,16943.81055
14-07-14,17055.41992
15-07-14,17060.67969
16-07-14,17138.19922
17-07-14,16976.81055
18-07-14,17100.17969
21-07-14,17051.73047
22-07-14,17113.53906
23-07-14,17086.63086
24-07-14,17083.80078
25-07-14,16960.57031
28-07-14,16982.58984
29-07-14,16912.10938
30-07-14,16880.35938
31-07-14,16563.30078
01-08-14,16493.36914
04-08-14,16569.2793
05-08-14,16429.4707
06-08-14,16443.33984
07-08-14,16368.26953
08-08-14,16553.92969
11-08-14,16569.98047
12-08-14,16560.53906
13-08-14,16651.80078
14-08-14,16713.58008
15-08-14,16662.91016
18-08-14,16838.74023
19-08-14,16919.58984
20-08-14,16979.13086
21-08-14,17039.49023
22-08-14,17001.2207
25-08-14,17076.86914
26-08-14,17106.69922
27-08-14,17122.00977
28-08-14,17079.57031
29-08-14,17098.44922
02-09-14,17067.56055
03-09-14,17078.2793
04-09-14,17069.58008
05-09-14,17137.35938
08-09-14,17111.41992
09-09-14,17013.86914
10-09-14,17068.71094
11-09-14,17049
12-09-14,16987.50977
15-09-14,17031.14063
16-09-14,17131.9707
17-09-14,17156.84961
18-09-14,17265.99023
19-09-14,17279.74023
22-09-14,17172.67969
23-09-14,17055.86914
24-09-14,17210.06055
25-09-14,16945.80078
26-09-14,17113.15039
29-09-14,17071.2207
30-09-14,17042.90039
01-10-14,16804.71094
02-10-14,16801.05078
03-10-14,17009.68945
06-10-14,16991.91016
07-10-14,16719.39063
08-10-14,16994.2207
09-10-14,16659.25
10-10-14,16544.09961
13-10-14,16321.07031
14-10-14,16315.19043
15-10-14,16141.74023
16-10-14,16117.24023
17-10-14,16380.41016
20-10-14,16399.66992
21-10-14,16614.81055
22-10-14,16461.32031
23-10-14,16677.90039
24-10-14,16805.41016
27-10-14,16817.93945
28-10-14,17005.75
29-10-14,16974.31055
30-10-14,17195.41992
31-10-14,17390.51953
03-11-14,17366.24023
04-11-14,17383.83984
05-11-14,17484.5293
06-11-14,17554.4707
07-11-14,17573.92969
10-11-14,17613.74023
11-11-14,17614.90039
12-11-14,17612.19922
13-11-14,17652.78906
14-11-14,17634.74023
17-11-14,17647.75
18-11-14,17687.82031
19-11-14,17685.73047
20-11-14,17719
21-11-14,17810.06055
24-11-14,17817.90039
25-11-14,17814.93945
26-11-14,17827.75
28-11-14,17828.24023
01-12-14,17776.80078
02-12-14,17879.55078
03-12-14,17912.61914
04-12-14,17900.09961
05-12-14,17958.78906
08-12-14,17852.48047
09-12-14,17801.19922
10-12-14,17533.15039
11-12-14,17596.33984
12-12-14,17280.83008
15-12-14,17180.83984
16-12-14,17068.86914
17-12-14,17356.86914
18-12-14,17778.15039
19-12-14,17804.80078
22-12-14,17959.43945
23-12-14,18024.16992
24-12-14,18030.21094
26-12-14,18053.71094
29-12-14,18038.23047
30-12-14,17983.07031
31-12-14,17823.07031
02-01-15,17832.99023
05-01-15,17501.65039
06-01-15,17371.64063
07-01-15,17584.51953
08-01-15,17907.86914
09-01-15,17737.36914
12-01-15,17640.83984
13-01-15,17613.67969
14-01-15,17427.08984
15-01-15,17320.71094
16-01-15,17511.57031
20-01-15,17515.23047
21-01-15,17554.2793
22-01-15,17813.98047
23-01-15,17672.59961
26-01-15,17678.69922
27-01-15,17387.21094
28-01-15,17191.36914
29-01-15,17416.84961
30-01-15,17164.94922
02-02-15,17361.03906
03-02-15,17666.40039
04-02-15,17673.01953
05-02-15,17884.88086
06-02-15,17824.28906
09-02-15,17729.21094
10-02-15,17868.75977
11-02-15,17862.14063
12-02-15,17972.38086
13-02-15,18019.34961
17-02-15,18047.58008
18-02-15,18029.84961
19-02-15,17985.76953
20-02-15,18140.43945
23-02-15,18116.83984
24-02-15,18209.18945
25-02-15,18224.57031
26-02-15,18214.41992
27-02-15,18132.69922
02-03-15,18288.63086
03-03-15,18203.36914
04-03-15,18096.90039
05-03-15,18135.7207
06-03-15,17856.7793
09-03-15,17995.7207
10-03-15,17662.93945
11-03-15,17635.39063
12-03-15,17895.2207
13-03-15,17749.31055
16-03-15,17977.41992
17-03-15,17849.08008
18-03-15,18076.18945
19-03-15,17959.0293
20-03-15,18127.65039
23-03-15,18116.03906
24-03-15,18011.14063
25-03-15,17718.53906
26-03-15,17678.23047
27-03-15,17712.66016
30-03-15,17976.31055
31-03-15,17776.11914
01-04-15,17698.17969
02-04-15,17763.24023
06-04-15,17880.84961
07-04-15,17875.41992
08-04-15,17902.50977
09-04-15,17958.73047
10-04-15,18057.65039
13-04-15,17977.03906
14-04-15,18036.69922
15-04-15,18112.60938
16-04-15,18105.76953
17-04-15,17826.30078
20-04-15,18034.92969
21-04-15,17949.58984
22-04-15,18038.26953
23-04-15,18058.68945
24-04-15,18080.14063
27-04-15,18037.9707
28-04-15,18110.14063
29-04-15,18035.5293
30-04-15,17840.51953
01-05-15,18024.06055
04-05-15,18070.40039
05-05-15,17928.19922
06-05-15,17841.98047
07-05-15,17924.06055
08-05-15,18191.10938
11-05-15,18105.16992
12-05-15,18068.23047
13-05-15,18060.49023
14-05-15,18252.24023
15-05-15,18272.56055
18-05-15,18298.88086
19-05-15,18312.39063
20-05-15,18285.40039
21-05-15,18285.74023
22-05-15,18232.01953
26-05-15,18041.53906
27-05-15,18162.99023
28-05-15,18126.11914
29-05-15,18010.67969
01-06-15,18040.36914
02-06-15,18011.93945
03-06-15,18076.26953
04-06-15,17905.58008
05-06-15,17849.46094
08-06-15,17766.55078
09-06-15,17764.03906
10-06-15,18000.40039
11-06-15,18039.36914
12-06-15,17898.83984
15-06-15,17791.16992
16-06-15,17904.48047
17-06-15,17935.74023
18-06-15,18115.83984
19-06-15,18015.94922
22-06-15,18119.7793
23-06-15,18144.07031
24-06-15,17966.07031
25-06-15,17890.35938
26-06-15,17946.67969
29-06-15,17596.34961
30-06-15,17619.50977
01-07-15,17757.91016
02-07-15,17730.10938
06-07-15,17683.58008
07-07-15,17776.91016
08-07-15,17515.41992
09-07-15,17548.61914
10-07-15,17760.41016
13-07-15,17977.67969
14-07-15,18053.58008
15-07-15,18050.16992
16-07-15,18120.25
17-07-15,18086.44922
20-07-15,18100.41016
21-07-15,17919.28906
22-07-15,17851.03906
23-07-15,17731.91992
24-07-15,17568.5293
27-07-15,17440.58984
28-07-15,17630.26953
29-07-15,17751.39063
30-07-15,17745.98047
31-07-15,17689.85938
03-08-15,17598.19922
04-08-15,17550.68945
05-08-15,17540.4707
06-08-15,17419.75
07-08-15,17373.38086
10-08-15,17615.16992
11-08-15,17402.83984
12-08-15,17402.50977
13-08-15,17408.25
14-08-15,17477.40039
17-08-15,17545.17969
18-08-15,17511.33984
19-08-15,17348.73047
20-08-15,16990.68945
21-08-15,16459.75
24-08-15,15871.34961
25-08-15,15666.44043
26-08-15,16285.50977
27-08-15,16654.76953
28-08-15,16643.00977
31-08-15,16528.0293
01-09-15,16058.34961
02-09-15,16351.37988
03-09-15,16374.75977
04-09-15,16102.37988
08-09-15,16492.67969
09-09-15,16253.57031
10-09-15,16330.40039
11-09-15,16433.08984
14-09-15,16370.95996
15-09-15,16599.84961
16-09-15,16739.94922
17-09-15,16674.74023
18-09-15,16384.58008
21-09-15,16510.18945
22-09-15,16330.46973
23-09-15,16279.88965
24-09-15,16201.32031
25-09-15,16314.66992
28-09-15,16001.88965
29-09-15,16049.12988
30-09-15,16284.7002
01-10-15,16272.00977
02-10-15,16472.36914
05-10-15,16776.42969
06-10-15,16790.18945
07-10-15,16912.28906
08-10-15,17050.75
09-10-15,17084.49023
12-10-15,17131.85938
13-10-15,17081.89063
14-10-15,16924.75
15-10-15,17141.75
16-10-15,17215.9707
19-10-15,17230.53906
20-10-15,17217.10938
21-10-15,17168.60938
22-10-15,17489.16016
23-10-15,17646.69922
26-10-15,17623.05078
27-10-15,17581.42969
28-10-15,17779.51953
29-10-15,17755.80078
30-10-15,17663.53906
02-11-15,17828.75977
03-11-15,17918.15039
04-11-15,17867.58008
05-11-15,17863.42969
06-11-15,17910.33008
09-11-15,17730.48047
10-11-15,17758.21094
11-11-15,17702.2207
12-11-15,17448.07031
13-11-15,17245.24023
16-11-15,17483.00977
17-11-15,17489.5
18-11-15,17737.16016
19-11-15,17732.75
20-11-15,17823.81055
23-11-15,17792.67969
24-11-15,17812.18945
25-11-15,17813.39063
27-11-15,17813.39063
30-11-15,17719.91992
01-12-15,17888.34961
02-12-15,17729.67969
03-12-15,17477.66992
04-12-15,17847.63086
07-12-15,17730.50977
08-12-15,17568
09-12-15,17492.30078
10-12-15,17574.75
11-12-15,17265.21094
14-12-15,17368.5
15-12-15,17524.91016
16-12-15,17749.08984
17-12-15,17495.83984
18-12-15,17128.55078
21-12-15,17251.61914
22-12-15,17417.26953
23-12-15,17602.60938
24-12-15,17552.16992
28-12-15,17528.26953
29-12-15,17720.98047
30-12-15,17603.86914
31-12-15,17425.0293
04-01-16,17148.93945
05-01-16,17158.66016
06-01-16,16906.50977
07-01-16,16514.09961
08-01-16,16346.4502
11-01-16,16398.57031
12-01-16,16516.2207
13-01-16,16151.41016
14-01-16,16379.04981
15-01-16,15988.08008
19-01-16,16016.01953
20-01-16,15766.74023
21-01-16,15882.67969
22-01-16,16093.50977
25-01-16,15885.21973
26-01-16,16167.23047
27-01-16,15944.45996
28-01-16,16069.63965
29-01-16,16466.30078
01-02-16,16449.17969
02-02-16,16153.54004
03-02-16,16336.66016
04-02-16,16416.58008
05-02-16,16204.96973
08-02-16,16027.04981
09-02-16,16014.37988
10-02-16,15914.74023
11-02-16,15660.17969
12-02-16,15973.83984
16-02-16,16196.41016
17-02-16,16453.83008
18-02-16,16413.42969
19-02-16,16391.99023
22-02-16,16620.66016
23-02-16,16431.7793
24-02-16,16484.99023
25-02-16,16697.28906
26-02-16,16639.9707
29-02-16,16516.5
01-03-16,16865.08008
02-03-16,16899.32031
03-03-16,16943.90039
04-03-16,17006.76953
07-03-16,17073.94922
08-03-16,16964.09961
09-03-16,17000.35938
10-03-16,16995.13086
11-03-16,17213.31055
14-03-16,17229.13086
15-03-16,17251.5293
16-03-16,17325.75977
17-03-16,17481.49023
18-03-16,17602.30078
21-03-16,17623.86914
22-03-16,17582.57031
23-03-16,17502.58984
24-03-16,17515.73047
28-03-16,17535.39063
29-03-16,17633.10938
30-03-16,17716.66016
31-03-16,17685.08984
01-04-16,17792.75
04-04-16,17737
05-04-16,17603.32031
06-04-16,17716.05078
07-04-16,17541.96094
08-04-16,17576.96094
11-04-16,17556.41016
12-04-16,17721.25
13-04-16,17908.2793
14-04-16,17926.42969
15-04-16,17897.46094
18-04-16,18004.16016
19-04-16,18053.59961
20-04-16,18096.26953
21-04-16,17982.51953
22-04-16,18003.75
25-04-16,17977.24023
26-04-16,17990.32031
27-04-16,18041.55078
28-04-16,17830.75977
29-04-16,17773.64063
02-05-16,17891.16016
03-05-16,17750.91016
04-05-16,17651.25977
05-05-16,17660.71094
06-05-16,17740.63086
09-05-16,17705.91016
10-05-16,17928.34961
11-05-16,17711.11914
12-05-16,17720.5
13-05-16,17535.32031
16-05-16,17710.71094
17-05-16,17529.98047
18-05-16,17526.61914
19-05-16,17435.40039
20-05-16,17500.93945
23-05-16,17492.92969
24-05-16,17706.05078
25-05-16,17851.50977
26-05-16,17828.28906
27-05-16,17873.2207
31-05-16,17787.19922
01-06-16,17789.66992
02-06-16,17838.56055
03-06-16,17807.06055
06-06-16,17920.33008
07-06-16,17938.2793
08-06-16,18005.05078
09-06-16,17985.18945
10-06-16,17865.33984
13-06-16,17732.48047
14-06-16,17674.82031
15-06-16,17640.16992
16-06-16,17733.09961
17-06-16,17675.16016
20-06-16,17804.86914
21-06-16,17829.73047
22-06-16,17780.83008
23-06-16,18011.07031
24-06-16,17400.75
27-06-16,17140.24023
28-06-16,17409.7207
29-06-16,17694.67969
30-06-16,17929.99023
01-07-16,17949.36914
05-07-16,17840.61914
06-07-16,17918.61914
07-07-16,17895.88086
08-07-16,18146.74023
11-07-16,18226.92969
12-07-16,18347.66992
13-07-16,18372.11914
14-07-16,18506.41016
15-07-16,18516.55078
18-07-16,18533.05078
19-07-16,18559.00977
20-07-16,18595.0293
21-07-16,18517.23047
22-07-16,18570.84961
25-07-16,18493.06055
26-07-16,18473.75
27-07-16,18472.16992
28-07-16,18456.34961
29-07-16,18432.24023
01-08-16,18404.50977
02-08-16,18313.76953
03-08-16,18355
04-08-16,18352.05078
05-08-16,18543.5293
08-08-16,18529.28906
09-08-16,18533.05078
10-08-16,18495.66016
11-08-16,18613.51953
12-08-16,18576.4707
15-08-16,18636.05078
16-08-16,18552.01953
17-08-16,18573.93945
18-08-16,18597.69922
19-08-16,18552.57031
22-08-16,18529.41992
23-08-16,18547.30078
24-08-16,18481.48047
25-08-16,18448.41016
26-08-16,18395.40039
29-08-16,18502.99023
30-08-16,18454.30078
31-08-16,18400.88086
01-09-16,18419.30078
02-09-16,18491.96094
06-09-16,18538.11914
07-09-16,18526.14063
08-09-16,18479.91016
09-09-16,18085.44922
12-09-16,18325.07031
13-09-16,18066.75
14-09-16,18034.76953
15-09-16,18212.48047
16-09-16,18123.80078
19-09-16,18120.16992
20-09-16,18129.96094
21-09-16,18293.69922
22-09-16,18392.46094
23-09-16,18261.44922
26-09-16,18094.83008
27-09-16,18228.30078
28-09-16,18339.24023
29-09-16,18143.44922
30-09-16,18308.15039
03-10-16,18253.84961
04-10-16,18168.44922
05-10-16,18281.0293
06-10-16,18268.5
07-10-16,18240.49023
10-10-16,18329.03906
11-10-16,18128.66016
12-10-16,18144.19922
13-10-16,18098.93945
14-10-16,18138.38086
17-10-16,18086.40039
18-10-16,18161.93945
19-10-16,18202.61914
20-10-16,18162.34961
21-10-16,18145.71094
24-10-16,18223.0293
25-10-16,18169.26953
26-10-16,18199.33008
27-10-16,18169.67969
28-10-16,18161.18945
31-10-16,18142.41992
01-11-16,18037.09961
02-11-16,17959.64063
03-11-16,17930.66992
04-11-16,17888.2793
07-11-16,18259.59961
08-11-16,18332.74023
09-11-16,18589.68945
10-11-16,18807.88086
11-11-16,18847.66016
14-11-16,18868.68945
15-11-16,18923.06055
16-11-16,18868.14063
17-11-16,18903.82031
18-11-16,18867.92969
21-11-16,18956.68945
22-11-16,19023.86914
23-11-16,19083.17969
25-11-16,19152.14063
28-11-16,19097.90039
29-11-16,19121.59961
30-11-16,19123.58008
01-12-16,19191.92969
02-12-16,19170.41992
05-12-16,19216.24023
06-12-16,19251.7793
07-12-16,19549.61914
08-12-16,19614.81055
09-12-16,19756.84961
12-12-16,19796.42969
13-12-16,19911.21094
14-12-16,19792.5293
15-12-16,19852.24023
16-12-16,19843.41016
19-12-16,19883.06055
20-12-16,19974.61914
21-12-16,19941.96094
22-12-16,19918.88086
23-12-16,19933.81055
27-12-16,19945.03906
28-12-16,19833.67969
29-12-16,19819.7793
30-12-16,19762.59961
03-01-17,19881.75977
04-01-17,19942.16016
05-01-17,19899.28906
06-01-17,19963.80078
09-01-17,19887.38086
10-01-17,19855.5293
11-01-17,19954.2793
12-01-17,19891
13-01-17,19885.73047
17-01-17,19826.76953
18-01-17,19804.7207
19-01-17,19732.40039
20-01-17,19827.25
23-01-17,19799.84961
24-01-17,19912.71094
25-01-17,20068.50977
26-01-17,20100.91016
27-01-17,20093.7793
30-01-17,19971.13086
31-01-17,19864.08984
01-02-17,19890.93945
02-02-17,19884.91016
03-02-17,20071.46094
06-02-17,20052.41992
07-02-17,20090.28906
08-02-17,20054.33984
09-02-17,20172.40039
10-02-17,20269.36914
13-02-17,20412.16016
14-02-17,20504.41016
15-02-17,20611.85938
16-02-17,20619.76953
17-02-17,20624.05078
21-02-17,20743
22-02-17,20775.59961
23-02-17,20810.32031
24-02-17,20821.75977
27-02-17,20837.43945
28-02-17,20812.24023
01-03-17,21115.55078
02-03-17,21002.9707
03-03-17,21005.71094
06-03-17,20954.33984
07-03-17,20924.75977
08-03-17,20855.73047
09-03-17,20858.18945
10-03-17,20902.98047
13-03-17,20881.48047
14-03-17,20837.36914
15-03-17,20950.09961
16-03-17,20934.55078
17-03-17,20914.61914
20-03-17,20905.85938
21-03-17,20668.00977
22-03-17,20661.30078
23-03-17,20656.58008
24-03-17,20596.7207
27-03-17,20550.98047
28-03-17,20701.5
29-03-17,20659.32031
30-03-17,20728.49023
31-03-17,20663.2207
03-04-17,20650.21094
04-04-17,20689.24023
05-04-17,20648.15039
06-04-17,20662.94922
07-04-17,20656.09961
10-04-17,20658.01953
11-04-17,20651.30078
12-04-17,20591.85938
13-04-17,20453.25
17-04-17,20636.91992
18-04-17,20523.2793
19-04-17,20404.49023
20-04-17,20578.71094
21-04-17,20547.75977
24-04-17,20763.89063
25-04-17,20996.11914
26-04-17,20975.08984
27-04-17,20981.33008
28-04-17,20940.50977
01-05-17,20913.46094
02-05-17,20949.89063
03-05-17,20957.90039
04-05-17,20951.4707
05-05-17,21006.93945
08-05-17,21012.2793
09-05-17,20975.7793
10-05-17,20943.10938
11-05-17,20919.41992
12-05-17,20896.60938
15-05-17,20981.93945
16-05-17,20979.75
17-05-17,20606.92969
18-05-17,20663.01953
19-05-17,20804.83984
22-05-17,20894.83008
23-05-17,20937.91016
24-05-17,21012.41992
25-05-17,21082.94922
26-05-17,21080.2793
30-05-17,21029.4707
31-05-17,21008.65039
01-06-17,21144.17969
02-06-17,21206.28906
05-06-17,21184.03906
06-06-17,21136.23047
07-06-17,21173.68945
08-06-17,21182.5293
09-06-17,21271.9707
12-06-17,21235.66992
13-06-17,21328.4707
14-06-17,21374.56055
15-06-17,21359.90039
16-06-17,21384.2793
19-06-17,21528.99023
20-06-17,21467.14063
21-06-17,21410.0293
22-06-17,21397.28906
23-06-17,21394.75977
26-06-17,21409.55078
27-06-17,21310.66016
28-06-17,21454.60938
29-06-17,21287.0293
30-06-17,21349.63086
03-07-17,21479.26953
05-07-17,21478.16992
06-07-17,21320.03906
07-07-17,21414.33984
10-07-17,21408.51953
11-07-17,21409.07031
12-07-17,21532.14063
13-07-17,21553.08984
14-07-17,21637.74023
17-07-17,21629.7207
18-07-17,21574.73047
19-07-17,21640.75
20-07-17,21611.7793
21-07-17,21580.07031
24-07-17,21513.16992
25-07-17,21613.42969
26-07-17,21711.00977
27-07-17,21796.55078
28-07-17,21830.31055
31-07-17,21891.11914
01-08-17,21963.91992
02-08-17,22016.24023
03-08-17,22026.09961
04-08-17,22092.81055
07-08-17,22118.41992
08-08-17,22085.33984
09-08-17,22048.69922
10-08-17,21844.00977
11-08-17,21858.32031
14-08-17,21993.71094
15-08-17,21998.99023
16-08-17,22024.86914
17-08-17,21750.73047
18-08-17,21674.50977
21-08-17,21703.75
22-08-17,21899.89063
23-08-17,21812.08984
24-08-17,21783.40039
25-08-17,21813.66992
28-08-17,21808.40039
29-08-17,21865.36914
30-08-17,21892.42969
31-08-17,21948.09961
01-09-17,21987.56055
05-09-17,21753.31055
06-09-17,21807.64063
07-09-17,21784.7793
08-09-17,21797.78906
11-09-17,22057.36914
12-09-17,22118.85938
13-09-17,22158.17969
14-09-17,22203.48047
15-09-17,22268.33984
18-09-17,22331.34961
19-09-17,22370.80078
20-09-17,22412.58984
21-09-17,22359.23047
22-09-17,22349.58984
25-09-17,22296.08984
26-09-17,22284.32031
27-09-17,22340.71094
28-09-17,22381.19922
29-09-17,22405.08984
02-10-17,22557.59961
03-10-17,22641.66992
04-10-17,22661.64063
05-10-17,22775.39063
06-10-17,22773.66992
09-10-17,22761.07031
10-10-17,22830.67969
11-10-17,22872.89063
12-10-17,22841.00977
13-10-17,22871.7207
16-10-17,22956.96094
17-10-17,22997.43945
18-10-17,23157.59961
19-10-17,23163.03906
20-10-17,23328.63086
23-10-17,23273.96094
24-10-17,23441.75977
25-10-17,23329.46094
26-10-17,23400.85938
27-10-17,23434.18945
30-10-17,23348.74023
31-10-17,23377.24023
01-11-17,23435.00977
02-11-17,23516.25977
03-11-17,23539.18945
06-11-17,23548.41992
07-11-17,23557.23047
08-11-17,23563.35938
09-11-17,23461.93945
10-11-17,23422.21094
13-11-17,23439.69922
14-11-17,23409.4707
15-11-17,23271.2793
